{
  "train_loss": [
    0.917184524676379,
    0.7494598451782676,
    0.622576005756855,
    0.6794161814100602,
    0.5265914710129008,
    0.6421794602099586,
    0.507190911208882,
    0.4986579413799679,
    0.45073946127120185,
    0.48554636318893996,
    0.49867748512941246,
    0.46509593418415857,
    0.3865185401895467,
    0.4177751567433862,
    0.37872852735659657,
    0.3385160330902128,
    0.35137827124665766,
    0.39997001167605906,
    0.3335401556071113,
    0.23854233740883715,
    0.32963889070293484,
    0.3441101604086511,
    0.3257875648491523,
    0.288212132804534,
    0.2033391121555777,
    0.15648986492305994,
    0.1666480512906085,
    0.1462087396751432,
    0.1947188606376157,
    0.15604267691207283
  ],
  "train_acc": [
    58.8235294117647,
    66.36029411764706,
    75.91911764705883,
    71.50735294117646,
    77.75735294117646,
    70.03676470588235,
    79.59558823529412,
    79.04411764705883,
    80.69852941176471,
    81.61764705882354,
    80.88235294117646,
    79.77941176470588,
    84.74264705882354,
    82.72058823529412,
    84.55882352941177,
    86.76470588235294,
    86.21323529411765,
    84.19117647058823,
    86.21323529411765,
    91.91176470588235,
    88.05147058823529,
    86.76470588235294,
    89.5220588235294,
    90.25735294117646,
    93.56617647058823,
    93.93382352941177,
    92.46323529411765,
    93.93382352941177,
    92.46323529411765,
    94.48529411764706
  ],
  "val_loss": [
    1.5001361537724733,
    0.6457725185900927,
    0.7325676623731852,
    0.6199616943486035,
    0.5973855033516884,
    0.7341156024485826,
    0.534772701561451,
    0.8597530387341976,
    0.6354082636535168,
    0.5840381532907486,
    0.7428280403837562,
    0.5300141796469688,
    0.4747395096346736,
    0.609254171140492,
    0.4647279530763626,
    0.4564244318753481,
    0.5767837204039097,
    0.4338044449687004,
    0.7269004727713764,
    1.0307041443884373,
    0.43762356229126453,
    0.6044999789446592,
    0.5682395361363888,
    0.6495883967727423,
    0.6599889928475022,
    0.7310903066536412,
    0.6162643721327186,
    0.5231329444795847,
    0.4842096297070384,
    0.579564958345145
  ],
  "val_acc": [
    67.79661016949153,
    72.88135593220339,
    67.79661016949153,
    74.57627118644068,
    74.57627118644068,
    69.49152542372882,
    77.11864406779661,
    70.33898305084746,
    70.33898305084746,
    76.27118644067797,
    74.57627118644068,
    77.96610169491525,
    83.05084745762711,
    79.66101694915254,
    85.59322033898304,
    83.89830508474576,
    79.66101694915254,
    83.05084745762711,
    80.50847457627118,
    74.57627118644068,
    87.28813559322033,
    81.35593220338983,
    84.7457627118644,
    82.20338983050847,
    81.35593220338983,
    82.20338983050847,
    85.59322033898304,
    85.59322033898304,
    88.13559322033899,
    83.05084745762711
  ]
}